"sold_price",".pred"
287500,301417.518783717
172500,175131.999460362
315000,439603.263932695
155000,211097.617608145
149900,109556.670591609
237000,249234.757884863
222000,268668.205724643
280000,201987.499852427
259900,309554.97743128
325000,335059.344734805
233000,246829.584133824
220000,248137.01741402
306000,286991.549554557
153000,140396.837334675
417250,341014.831929446
187500,228116.531392414
445000,512436.947276905
243033,254941.669414677
256400,254941.669414677
239900,254137.754203856
239000,233965.583501065
240150,232258.21232238
236150,280289.767321166
310000,435844.87358194
201600,191542.857234365
241000,226445.202148882
269900,298851.719290658
245000,283765.100673062
139900,212948.676045914
135000,128391.424160748
228900,248265.024376253
139000,187983.135028125
690000,491014.167786311
255000,333047.190751283
271400,284943.537179972
245000,250464.490234292
229900,269337.598321542
276000,258218.51166143
163000,158287.273370109
162000,182537.223459159
212750,186676.434646658
244000,234600.993837142
372500,321341.846906975
182000,162770.722566602
281900,217321.875678032
275000,265248.201656197
165000,128284.20775854
200000,74099.876529609
285900,262182.205233649
347000,299127.741095884
529000,529605.540599462
650000,565618.065878802
480000,343800.249188621
215000,205953.971695192
241000,204741.269903621
250000,193029.164810192
320000,263846.626783647
349900,292348.482613403
350000,314914.528968152
790000,552799.706167317
227000,173811.753643899
472900,531210.517814508
542597,457628.797794099
296500,349949.611486302
139000,191416.797679975
122000,139052.722420708
180000,223071.662439771
145500,142306.066347081
234000,259850.620431951
176500,196273.468750914
118000,140773.121855956
402500,456723.292563592
171500,182765.656177448
250000,271024.451346864
295000,350902.266148973
419000,441635.267204594
420000,477058.498587282
779993,890984.557076572
156000,138432.074730984
261516,236854.11373692
154900,168473.594085009
128500,208790.607424994
258000,278157.190547638
815277,686142.360290634
239072,267756.976314065
265000,227535.155388625
175000,185675.218253817
197500,230195.26010643
186000,229699.14938399
209900,223808.266695093
231000,245842.075761899
125000,124639.538039364
383000,536509.47117004
192650,206407.550778542
224900,259744.262602336
209900,229509.143410614
210000,203785.624985408
540000,483281.858340768
180000,190661.497394769
270625,251450.46189104
210010,205054.065137919
207000,219742.253537877
130000,159271.759653734
299000,359578.577810085
319900,362593.00206194
193900,199664.24809381
271000,328848.107003934
233000,244535.467471618
297000,331821.659915717
193500,200690.727480617
185000,226230.616663415
290000,349117.287748404
202250,191668.214806249
172900,207729.167402224
331000,363594.247334806
425000,532757.933790943
171500,173432.360042368
335000,268064.788743566
730000,745483.546300199
265000,253634.938120771
227900,252801.66547594
179900,234658.820103386
195000,260369.059613743
235000,236157.82761749
314310,294205.225028873
219900,209000.542370191
185000,196632.086771262
227500,206302.542783266
293500,271740.165333046
185000,205529.160070669
307500,355521.013919138
337322,342832.361854522
210000,190453.819295851
270000,239237.767823271
218900,263719.950835625
215000,209079.269905643
194900,210705.92941783
336000,319272.93032637
440000,435912.923328748
755000,449216.617148282
286321,253126.078304008
160501,155228.543635483
130000,129286.149899852
120000,121068.068795977
199000,192535.592957636
80000,173420.571049182
320000,250345.10882042
799000,614625.584090913
390000,318210.011286102
188000,254567.569401032
246000,254567.974364399
224900,238742.618176505
185000,207842.391454749
153000,189115.022840354
230000,258442.829581644
199900,216251.272848236
162500,206545.501147091
237497,264151.843937933
250000,288667.377651668
202000,227156.476302193
172900,176936.846028579
250000,251233.080808807
270000,329876.159570202
239900,266945.095534483
183000,261610.070435447
275000,280442.314200065
257090,268038.187800248
480000,604265.45643401
246500,311870.48671435
97500,109201.483889718
435000,503585.554952365
215000,222001.321358484
295000,345407.445207914
208500,218402.646886232
175000,202461.041766178
198000,211619.36411663
229500,241277.839762428
430477,372349.298191711
165000,219110.989912403
332800,329993.057100226
220400,239359.176201443
335000,347036.868913265
420000,406738.93657148
165000,191287.352887358
193000,189514.566630739
279900,328147.493387568
118500,126832.129165921
236043,245077.889893403
245900,227567.720708267
148000,125387.916818607
99000,148747.271274182
355000,432348.542983082
75000,122442.190132457
306000,453460.812860014
125000,140961.680932889
334000,334840.11860734
185000,179942.762831462
326000,371389.969489203
251900,261190.886808498
285000,300322.940422997
421500,631288.911649123
740000,716127.213947773
100000,152972.417813851
303837,264247.929790618
167000,176086.658485957
206000,209337.736028671
240399,235653.231767502
280000,310053.984107726
650000,567107.797505352
230000,282042.865245936
568092,458401.346003574
248065,240228.746119266
466900,574093.062013994
650000,627982.863477768
256755,257524.193625466
305000,284356.700089626
244972,278572.969671956
215000,247337.759993002
335000,350164.371208717
210000,233046.265733067
321000,234725.298939234
175000,174111.4597451
219900,259744.262602336
238900,254887.30312812
175000,172664.411408712
340000,318051.76455118
240000,248713.202784193
364900,422497.458471865
169000,149237.842645215
237000,246736.964643917
332000,248355.907282345
639350,633644.015129591
530000,568053.239253101
220000,171903.931845297
269900,267883.174294005
390000,324580.435606801
475000,454424.463030104
376500,329591.467269224
317000,326586.142816253
359700,286438.196610871
266200,325265.020630017
743000,728065.635517989
553452,390176.3145971
155000,163377.213514996
110000,81415.0198980048
195000,186499.644127666
139900,198891.339927928
140000,208491.18284635
300000,269453.941186544
400000,338469.86358287
362450,263297.601866899
450900,421407.523653599
111000,108241.675556229
310000,310771.796135607
165000,129615.739507079
212900,270363.169244772
167000,190567.156431371
206000,228012.305379314
322000,265575.02408214
295000,275535.688321654
138200,141466.781490852
237000,266866.900898796
127000,165427.826052455
275000,280116.974552429
159900,198357.638948569
87000,69145.8288941159
760000,567394.606274001
390000,324349.438640078
277000,274560.746500294
215000,219877.928318791
321567,374540.265916838
334458,352017.222196384
216000,235784.239884832
290900,294192.623665805
182000,270800.70279361
230000,293768.507738266
222499,385336.080863887
163000,165730.135031664
152200,145333.50763921
132000,124690.062088388
227021,252859.666577602
248325,266156.395276816
175000,180109.946718945
185000,204096.473331142
180000,246302.143480214
242000,270579.928084778
467239,514124.026868913
273303,298343.036826094
110000,114375.286920459
252000,250978.520893817
420000,419861.606706597
360000,298119.767279349
260000,239535.393118734
930000,504960.573860494
2250000,363221.219348477
134000,462989.100241367
210000,222127.221341466
219900,231821.093871166
215000,192943.438094744
183000,212451.198589745
141250,180024.911864993
178000,204583.14141571
231606,265019.947129109
239500,200765.776623149
262222,285547.416787118
225000,199974.727647114
355000,367862.516803642
212900,128606.506963545
252113,256629.050258561
184000,196668.18610563
204300,211060.145344815
218600,216409.228587001
211200,224028.162303417
182000,203296.476976038
95000,173022.201675394
195000,218180.625682219
185000,192984.199306059
220000,179304.715117862
90000,89672.409102023
270000,264342.26668729
161400,174341.185227872
236000,206373.55938966
209500,213665.133620757
225000,231767.767545124
270000,256723.581484882
574000,380415.54258585
205000,219866.434528288
215500,289986.498001189
218000,207978.52782947
278400,256362.170362782
157500,166000.389789291
390000,354464.055378674
280000,286717.289758111
345000,345994.455669347
255000,245149.183010893
288005,260410.718051506
200000,206981.705655868
333500,341513.452271496
358000,348131.714553477
275000,315906.350607581
200000,208726.086446653
201200,220368.940830206
177500,176156.566715696
223050,231160.036183866
247438,263212.632055967
182000,205257.44582046
489000,528404.404730507
312500,230589.460532072
275000,276530.340418851
444000,479554.121127314
625000,736396.283056364
385000,355043.865290574
175000,171609.804202566
140000,153258.907469741
254000,257856.459811763
208000,170772.205189801
135900,153717.597198553
119500,129530.613406673
166500,167609.706286309
153500,158287.273370109
195000,311314.423944982
170000,198173.6649976
305000,317396.062035779
197000,170014.568132374
329000,364135.459474733
219271,275280.897598766
158000,167947.210279327
238000,263788.290717401
165000,190852.628134255
148900,146459.617871722
196000,200355.079819341
162500,184135.65135503
265500,281935.152724608
143000,146746.569812139
442500,515441.325152238
175100,200329.598454711
190000,175877.021656867
161900,143987.286618451
165000,222151.624881757
328760,281762.688504485
272000,311716.594704442
265000,238022.20281644
190000,178424.055870815
252000,249388.261842472
244695,244789.463286893
260000,267559.485159774
124000,114573.826704192
227000,257548.052736265
192440,217146.159790998
195000,206179.524702266
90000,81207.2637969876
74000,82833.0849573203
169000,171971.543440692
214000,229412.767555604
260000,264151.843937933
229000,241353.034401869
311250,266344.955281005
145000,152932.755666118
400000,413015.307632203
250000,290342.677508238
193000,214977.853712324
236500,254668.62111841
185000,210630.011025314
215000,252737.549844228
147000,147503.020046973
350000,437266.949114268
180000,183727.498427023
504900,466835.226559397
327198,396051.501904556
159900,183688.780793959
275000,266412.733114531
235000,266926.029328431
192400,187933.58310352
195500,241575.790635164
102400,113841.515381939
347500,367864.337207219
400000,415513.106877746
334461,366738.034780508
279900,283885.568306503
224900,234153.640739216
355000,320651.75713486
191000,208257.107355132
110000,176229.287864814
198000,199124.073170418
195000,215897.649662261
125000,125316.536252247
279907,296752.850691186
235000,283963.929645957
265000,252951.749882867
343550,346405.239302073
152500,140434.570476698
241500,272006.218355838
204000,236650.331953527
215000,261633.113428358
235000,245838.703269244
219750,220171.040193243
193500,217646.136404037
234500,257631.037855544
220000,177627.648959756
240000,258427.615466358
154000,118535.270203622
289000,339827.175006287
192000,197525.762927047
280000,290096.126827435
400000,362794.075987188
424000,411745.222847342
375000,470495.450681574
214500,244141.724284369
198000,200732.187555607
140000,142435.845151092
212000,208040.334796043
430000,434320.249123324
200000,234903.735045951
695000,775009.35038013
224900,206000.781596686
217350,220171.040193243
229000,222992.195383964
180000,191677.880694308
197000,224706.291200922
550000,483181.835601004
217000,250470.631583925
262000,334183.970799528
215000,296476.66721648
212500,217888.615773097
160000,142222.7697322
211900,245325.581944651
191000,196569.573337984
270000,259968.502998694
223000,241122.011683641
254900,281817.518313384
149900,188420.565126906
155000,142265.883588264
345000,278532.42137504
290000,205246.61960095
232000,203597.214267853
292000,379756.355823334
300000,262000.028401879
457000,517238.909882382
279500,287591.504087886
305000,335447.858397145
211500,247997.92291696
198000,230213.993115213
235225,236588.687971429
496514,576897.430609429
360000,339516.450385608
235000,240123.006237222
280000,236176.338953333
215000,239750.091687728
241400,264172.508337065
186000,192069.171084261
260000,266356.555212109
218000,238977.112303947
148500,141556.687362752
449900,394712.351868266
185000,191974.340471408
444400,363444.081429289
287750,263930.240430564
210000,207478.096558316
339900,348813.161568477
235000,228985.550908027
155000,180760.708040093
212000,270988.323769797
255000,244659.789756761
251900,240329.910087715
365262,352481.912872892
323963,360403.064848426
255330,267106.07103376
193000,209980.069512405
399550,268118.542657006
292900,310910.978852123
242000,164834.903365432
227000,201764.081062286
141000,136340.845172466
145000,160987.190135458
317500,353530.712350673
457400,485450.046912065
289900,303371.587318233
349900,319757.094616861
189000,199294.120596607
140000,181367.177905716
200000,223069.231297346
615000,655140.430185203
210000,194399.377757461
253717,227758.735091405
360000,459079.961856772
84250,119025.001957884
172000,223714.400997707
170000,188781.946450934
161500,157760.77967148
321000,305901.052915362
172500,186676.434646658
315000,355253.477903311
258500,243527.500700536
185000,187406.353457209
210538,203685.442186927
351729,361751.327304498
213900,211581.312235085
344000,369853.690191023
390000,332125.878725967
200000,206269.670402496
197500,185710.504968924
298000,289102.825367453
235500,258542.833787566
187000,182198.526138349
145000,142306.066347081
211500,228211.987751801
215000,220400.973702367
250000,347172.463737058
365000,271283.994403909
120890,138415.00245333
187000,214523.665574345
217500,217241.864173448
367150,403053.614703797
317500,371518.345796148
549000,622097.138560735
310000,331725.632929534
177500,176290.01583403
164850,160996.884634349
185000,180505.780916041
230000,233195.128420543
223500,299349.137261506
265204,262204.19980261
181400,185353.134905813
416000,254680.976634449
211867,216769.560304867
191656,196219.740705779
189499,196350.114882973
165500,185930.123301373
169750,229769.248011534
190000,188509.71850055
193000,252583.019980603
161000,194664.092064134
313500,351398.746962978
245000,283508.128024389
177500,184366.276845756
170000,190445.966236144
360000,385440.868370662
336000,349960.38230361
269815,233267.729915458
240000,235816.454993564
260981,255661.302212271
383500,425816.850084601
160800,170627.83853634
249000,251383.877606269
425000,519380.89504151
358000,392027.776080819
235000,236374.272837615
278865,286438.196610871
209000,236924.930491528
175000,114158.990563666
469305,433785.816432817
365000,386977.862940412
120000,139052.722420708
163000,171310.92946025
187500,215785.771086802
180000,205307.695765801
332900,402751.409737449
389900,414654.228137444
254900,274585.485765479
275000,298943.869130378
108500,115938.574067465
190000,206833.681603837
259900,297615.560132602
170000,168986.624811515
188000,182775.957114986
191900,184847.234333922
135000,97274.543264068
325000,333766.796911251
142000,160886.090935062
283500,319749.326856608
290000,215631.938325913
217000,253422.300559579
145000,173637.026169102
169000,150231.49962345
155500,160781.952562742
110000,150579.724830038
149000,143609.930670906
282000,265040.073100434
271000,267196.087566969
524900,466015.55818342
261500,286924.207900761
197500,227012.615324295
351000,403629.619807551
154500,143894.260965341
375000,239552.331043576
132000,142839.336145644
245000,257574.249250661
226000,242778.722080452
182000,191253.713645137
187692,209031.788943826
140000,197901.359113553
248767,272276.467843237
179000,158570.823079154
178900,189878.495515634
368000,436439.056323133
249000,265405.46535023
195000,206973.134345066
139700,166620.840310302
190000,188591.5754868
241920,259199.434835009
240000,227196.689331059
223000,261714.768077817
184900,190556.246600367
127500,144719.645286613
378000,456975.534482786
455000,700236.714665244
175000,218214.02655968
209000,229389.637896301
273500,239957.644347634
218000,172572.75305917
229900,272119.958980232
215000,176626.228126444
170000,190024.655215468
200000,240329.910087715
694063,490916.049683563
365000,384941.064977173
204900,224757.890160571
62000,121684.777662064
198800,291177.204507017
230000,198835.413681853
430000,372378.055282322
283000,292700.761270315
332500,377537.057341895
237500,239343.404591697
244000,248046.707994081
235000,221238.543031754
178000,169143.678533615
218000,246948.5282025
215000,232890.131261838
222000,245714.236902753
255000,264334.643197296
344475,321518.624868868
200000,188881.870743065
410000,441406.862766473
191000,215166.044043518
185000,179634.760652995
480000,515666.481782599
315000,401326.249297565
133099,183571.487609303
141888,188349.553554451
300000,300666.805009465
192900,180275.985314285
250500,282325.567159746
162500,143389.269310074
180000,161287.832933744
324000,356178.146204123
174000,210339.481603625
75000,116865.070080301
285000,276847.40458696
155000,149038.072915961
168000,189324.34055162
210000,220334.307334064
325000,291829.073279117
212900,209000.907627072
206000,235892.18032328
350000,372738.050955408
199500,216268.779341028
249900,191220.545881201
300373,316141.051963559
281500,276127.771497265
255000,262967.774885138
230500,226912.938886091
309900,299049.503361971
403500,464324.839927756
160000,181367.526047633
425000,427817.384871994
88660,81207.2637969876
62000,81111.392469631
217000,249679.959547781
378688,347591.293259804
246989,246823.096483781
476000,456006.603747161
100000,156961.213022096
249900,243163.981219158
117450,133024.031053321
172500,201557.157273576
279446,281481.34679769
297000,258068.327834046
575373,620747.754586766
249000,232507.583107724
415500,367475.221257124
187500,172480.899177881
270000,284288.189230087
290000,354295.019871693
350000,429425.443338027
619000,371724.910645721
259900,290152.484596333
249900,236324.837296809
126500,132692.440292793
156000,128091.681913148
200000,221867.993974526
203500,241496.286465935
273000,277991.515586514
304000,356418.058855821
161000,174382.286415871
249000,287442.051036084
332500,333848.079051805
350000,397051.026173831
131200,116456.098248237
184900,209744.870848794
199000,199190.08447818
312265,363140.506745765
157000,177621.842187537
194900,206467.452044963
219900,204215.23543145
129900,190305.003458965
389291,377304.727783838
159400,173810.193463054
306000,253073.696746646
250000,235605.201642502
215000,233893.866180633
251060,245540.181470434
187000,183226.050826809
227500,269997.787154288
500201,390971.483797294
229000,277780.139588284
243000,265141.832891632
229500,259569.468782175
186000,199210.675905106
395000,337152.044483432
160000,193904.231326242
65000,154664.216918054
57400,160229.808712605
170000,190805.217042121
139000,144941.270347892
180500,199424.327782936
195000,213985.754989044
377500,357068.05135082
220500,324929.502033005
317000,315069.518061067
185000,227028.704711848
273000,300222.028897199
215000,238607.795459768
333000,323626.292007553
395000,367851.055383642
205900,219916.542259486
184500,199262.477744675
241000,242536.281161662
159900,184022.973561238
452000,564972.136018262
275000,292319.495562635
225000,172046.214516498
300605,328400.099640332
215664,229815.557808934
199000,273557.669418338
155000,271863.321038225
147000,180577.693104038
199900,224703.127700846
485000,460408.235853065
468352,448765.463262113
325000,334228.213892124
179000,135596.141564999
485000,474595.918604751
87000,81207.2637969876
240150,256585.837128192
149000,190014.331281382
340000,355953.228597262
190000,188841.502758603
146000,192259.410452494
165000,198730.912513664
224500,265764.160529749
175000,176495.667075037
327781,340008.071721897
251581,269557.132086495
368254,453900.509329275
210000,212024.309120896
219000,216847.797858263
784437,634763.118534823
513138,556955.902591241
225000,262152.448061126
216500,236608.926456799
505441,530985.29842974
164900,206199.048896154
216068,220058.520508614
256000,226706.359655069
286500,342817.018787223
300000,326612.993520708
495305,530094.969188547
265000,266847.889093738
145000,137312.117778711
206200,218670.419651216
282024,301344.91960564
132200,173218.171332721
215000,233964.890411122
137000,143099.256660992
362000,401831.479880554
201500,208996.157625488
329900,333545.623880464
241000,237171.392407204
215500,209610.149502617
245000,210918.961197901
241000,222591.393816175
215000,199241.572521011
265000,270794.970548758
173125,185703.005692526
130000,171235.972339272
112000,169187.976743665
174000,198014.187299146
169000,133585.38129156
216863,219794.388333996
240000,287087.084016406
267000,311086.906820224
255000,303342.855950559
853958,624695.260049285
207000,178665.908200385
174900,198270.52530358
254900,309070.192520628
355000,375952.384807749
155000,248046.590473152
259000,291735.865654385
136000,131781.754186594
192500,214761.598269048
75000,78897.5400262399
247000,232368.189844806
155025,198425.652266688
188000,223218.517840006
90000,182012.883006327
319900,363185.224357681
112000,244701.814754269
160000,183416.115038946
195000,222466.295237465
171900,164264.129622944
141753,177913.551681032
172000,234137.026890317
173000,231489.647151869
191000,215032.503554489
215000,341466.955650917
160000,174553.044989888
310000,268307.331509956
75000,220665.846817245
183000,204096.473331142
125000,152756.064900567
247000,288814.080247364
317000,260850.886244959
175000,189536.674245525
272000,282722.475161565
199000,231755.026848168
299900,334120.65426451
286000,300910.137797281
78500,79619.5586965492
99000,150563.178282827
145000,224949.75037352
179900,175132.42401281
273450,281205.780604954
170000,168116.597616327
144000,149354.06143897
93000,107060.015050965
167150,177892.784261471
210000,235346.542752318
197000,203096.341523672
415416,361812.084071671
96000,154069.600620757
259900,277216.900811235
203000,242013.814616996
259000,288288.939483227
245500,280491.454678955
222000,248873.47548178
168000,171482.698355795
228524,236234.710660527
187000,188124.189439986
127000,118150.71077461
398703,430551.69953008
90000,137437.222898935
314500,324070.921580899
175000,184872.188062762
350000,415971.266302015
686000,641931.04030951
636000,810463.146666946
294000,331117.477331634
296900,318928.384940746
508000,669751.525098742
230000,242188.573275421
269900,292816.379203585
220000,243529.663765069
305000,325368.26094886
300000,318134.115043501
237900,249482.442451169
188500,212028.442114657
617500,595289.50765836
330000,304167.339393512
376000,335309.157931846
231000,214219.889351418
165000,295132.582473915
210000,218273.495511688
127000,143487.713597688
175000,186808.085217971
209000,224119.400013144
430000,410483.705691091
62938,79619.5586965492
372825,375873.478705412
259900,320645.356420985
495000,581223.287015052
111000,126840.967079022
230000,214697.777025508
425000,476439.950696061
150000,147585.742304226
182782,196321.430074265
295299,304968.934107306
125000,116828.958225682
165000,181855.620413099
110000,143099.256660992
139500,140961.680932889
206000,201169.257676039
308000,410131.41528261
211900,201142.483204134
175000,164758.084479145
274900,304970.191173915
240000,271384.533290454
199000,182901.853619079
240000,294033.157494474
247300,266089.983213397
425000,499585.89455095
215000,226001.281862839
150000,216760.58562889
205000,203903.420714167
410000,412467.061216479
187000,184366.276845756
217500,238746.054516438
90750,103494.68696508
145000,182571.567266216
238000,257909.002581009
130000,122903.179854313
231927,224067.021686785
172000,235716.681088196
152500,214167.354827325
152000,243930.491872016
280000,259382.451196268
152000,221420.527630866
432000,524973.465333602
155000,197051.046533125
180000,230205.487266292
255000,295632.363529015
207900,215937.39184782
214376,221380.668285273
365000,233030.335111327
162500,187480.442755476
200000,217147.566292016
333000,337760.541156445
271729,266679.256546332
180000,206041.547309313
213000,221725.639685547
188900,196219.740705779
257000,246420.1239358
168750,197265.44619424
507500,480277.474048274
271000,250222.040091347
212500,246086.95474347
154000,145762.504912976
297000,267488.950194947
118000,171012.380213299
485000,379025.639876842
245000,243186.271064555
355000,421606.002744591
168000,174233.292228271
182900,186923.858954698
330000,346458.912432748
671993,632368.483087529
245900,206010.995293261
305000,314993.65914626
201000,224488.393497469
290000,260607.62223561
183000,204096.473331142
852500,594841.49946734
83000,76372.4672198482
210000,182570.827249881
310000,266807.125388677
101600,149354.06143897
251000,278999.691764249
535000,478197.820473438
169900,177192.029697027
318337,348893.931946873
219000,252841.015522058
188000,166286.555568349
155000,219808.54766486
263783,253996.027999988
180000,163992.114676346
352500,350281.610275397
484000,512491.026070258
214890,228743.942065381
222593,239276.299078655
194900,227456.578000244
159900,160546.557357065
196917,202930.987281775
483928,448490.220278611
290000,236588.687971429
287000,260372.268255789
467500,404628.45008259
307900,338966.974461446
289000,235254.760988722
235000,234570.117531065
169500,181737.904612029
323000,348796.837546932
245000,248662.843683397
277700,280985.120599768
263000,286077.942743442
246900,290207.608769709
180000,197023.23198648
829000,284640.073978496
190000,182113.348208263
499900,391144.348451448
225000,231260.729830679
154000,162468.285331108
185000,208066.067447392
245500,250227.707518365
310000,291470.226041511
333000,357126.621871959
316500,331650.076418103
305000,217200.422835096
175000,187649.045966521
215000,264412.057338745
203215,208424.152715791
271000,322478.054012947
67000,76569.948560653
193500,199404.969494189
232900,248168.185737845
289900,290151.829692644
215000,230015.96739047
275000,246440.157650814
163000,165800.9693843
116000,125391.41600421
212500,245493.300635284
237757,234522.04089498
224000,282764.763801402
234900,249920.730754076
80000,128741.128583293
266016,374959.139830478
159900,140485.808385868
140000,167487.948828648
195000,197343.82869324
264900,301805.320541197
195000,226094.865908425
240000,221861.884867869
175000,174725.85640433
263000,255654.339528317
405000,479037.295306498
288000,321731.84824774
196000,223126.274532447
205000,257088.172470217
160000,156941.484375932
121000,81146.4868397167
510000,508415.333237116
235715,232556.604366281
194900,194521.469944449
385000,345420.231229279
818900,863717.87796553
338335,331995.108014001
307500,186135.904425425
258200,271339.695771396
344000,365395.027938593
370000,438352.822746818
60000,80814.3405511354
265000,219481.203782842
187500,199190.08447818
284900,231880.078767844
195000,271740.165333046
184900,169141.571322704
205000,268303.613660561
271000,302071.705370058
136000,103603.865053544
174000,196510.481330465
410000,414249.922801077
135000,132753.344752306
168000,171577.645963099
309900,394913.849708293
425000,476032.829337006
179900,202364.38267364
175000,185587.201278096
240000,257344.063782055
222000,248240.347945532
235000,263821.792677592
176000,165629.901524717
276000,292789.747323977
249300,261169.713799502
204500,200585.258661732
256000,284225.200198301
255000,292320.388576741
215900,242748.028541924
211000,214033.797008892
241900,364187.531709513
185000,150554.70317803
394809,323119.170952581
144000,227508.953418324
258900,320296.55154084
279000,311577.508023482
268000,321382.41593175
224900,239302.498826447
238482,255043.973480631
229000,250494.731019003
226080,234419.040779735
218000,258408.893717587
275000,327718.761296502
307500,328063.133127286
241800,281824.435443334
413000,445332.627577323
98000,101806.408903222
180000,205364.848828904
194000,220298.127637047
163000,168900.403618007
139000,138449.198887261
175000,237698.121349059
170000,191460.680296277
550000,609308.994077088
303000,312747.070218981
211000,271312.932027907
86000,161553.101133885
220000,248546.308321625
206403,230075.792327679
800000,852467.862617384
178665,191255.147189081
205000,225124.16799278
199000,241478.731230181
218000,227854.415104667
159400,198870.745914661
324000,316661.198608053
790413,526278.965200488
169900,156754.274727375
328000,329796.083352837
209900,227213.318625358
167000,139020.11846212
248305,346433.124949115
255000,286847.074504319
205000,210658.85131164
285000,308373.569975391
178900,224968.488336006
620000,492968.195591615
159697,166877.070946543
402500,417276.284971486
244000,240745.037050803
219900,247926.294585173
246894,260145.117396982
68000,135306.80399516
210000,215332.000896184
267000,297922.537633824
215000,244889.68484603
362000,602186.342026116
93000,100826.277816503
189900,217928.207988191
250000,199286.759342884
470000,417004.393345411
362260,438570.012629552
224500,216110.360942643
181000,172305.286930774
389900,423941.2426864
147000,138449.198887261
175000,203594.03303544
367000,456975.534482786
137000,217162.988369659
182500,213253.299002156
487000,520573.217368927
193000,210300.92013603
292000,348734.803430317
378000,350947.320181165
420000,424949.122893192
195000,190508.192223231
262900,255722.254088046
184500,190172.688815272
197000,206045.656077988
174000,166641.790886404
239857,247139.805041846
93000,156117.718845861
355000,306432.483714596
263000,286882.171002093
239900,262100.258917234
306500,343619.348334227
225000,250305.280327341
249900,262718.297707129
299900,332446.426425995
305000,340558.265131796
188000,214546.487609476
272000,300367.947392208
192000,222356.346574797
253717,251035.533552597
120000,107610.830185938
454351,574570.657839523
150000,156182.429097862
275000,319749.326856608
290000,324824.018040093
240000,247956.129795979
171000,195177.889027398
237000,239396.293625092
138000,138598.344300756
240000,276273.703729455
249000,260341.167960643
242078,234255.928802345
195000,185830.382445386
130000,154186.607714103
215500,248035.749844523
357500,334356.636990623
175000,194844.537403379
232450,251765.946124898
165500,206777.646032952
225000,218070.128681966
178000,220018.953907808
70000,108126.186511128
389000,399138.012783651
115000,205972.395955873
59900,173093.870708451
324900,350711.271332568
672500,576302.749316798
155000,188659.436270158
217900,204368.989120013
303000,245620.996086646
169500,202683.448928966
525000,384107.143973041
255275,283468.838325769
405819,376856.446298372
154000,171330.782655525
129000,144005.349928793
135000,131791.594552459
375000,356480.328978081
260000,306189.6359939
155000,173865.136688427
405000,316625.50673882
168500,189331.740222716
101000,186375.56888748
590000,470125.734340374
153000,138449.198887261
233000,226337.910220475
250000,251253.452756378
259900,299037.964557822
225000,216111.46824392
149665,180332.718067534
230000,235194.454403473
200000,227489.155753765
466000,365742.270604438
111000,121305.787787507
184900,197505.474381656
305000,322408.003843934
152000,194215.310592337
175000,197801.407084258
350000,396397.482990141
194900,236585.783112018
285000,237938.690112846
185000,179513.976793834
499800,599199.608046956
149900,174422.528202349
246000,263795.83622356
159800,217736.467309018
450000,408676.724801267
290000,276790.115023789
126108,154972.382388719
240000,262169.982148965
153000,186046.852423868
895000,570089.648598759
304000,336871.353987974
174900,193138.210661154
209990,223059.391650758
195000,199783.828243988
199900,241240.006995815
143000,160486.358820434
268000,290382.008753381
320000,372354.147171128
275000,372161.989049474
220000,223195.712656123
60000,121355.232286875
169000,179546.97215315
191300,234497.766228813
290000,266499.569403051
176000,166827.303593821
213000,217308.91886032
225500,182203.743681979
250000,258983.051897557
227399,205971.888669108
143000,187334.571339471
214711,220869.433622987
430000,502805.062722446
190000,190626.420126075
234900,297178.121141231
157500,191054.291625697
217000,243268.799931798
200000,228758.473172824
187000,215100.691703474
160000,177231.787958865
427434,407459.955783802
195000,195848.692575664
242500,261259.520785597
183000,209510.213297292
179900,178123.205152747
239500,261756.471601065
180400,194026.348188609
180800,225869.772444314
213000,218360.346400716
55000,105340.099268974
190000,182570.827249881
449900,477671.574067215
700000,495059.443271922
449900,408202.881437344
305000,239827.137190489
360000,281179.501625209
190200,206068.182302257
139000,149523.607681898
310000,248826.815803907
295900,378051.863135997
103000,155006.371629617
105000,113841.515381939
485000,561549.472841678
287500,288893.710237059
419000,521013.480374108
170000,168681.464251158
310000,244375.297633659
337000,287092.736304371
110000,181703.914673069
90000,106775.072983762
127500,116134.131282166
70000,139162.125761537
189900,200260.577371299
259900,246259.941680802
355000,401626.452554591
163000,175718.975265023
271500,283278.184017307
173000,193562.895589965
223077,224356.657480464
307000,348666.157770682
385000,480680.814108264
370000,430523.077538656
190000,204066.736273026
245000,298773.816942408
275000,279501.243898237
244900,274606.383181371
183000,189111.613223525
181000,235954.776314016
239000,247908.44858027
216500,212501.655377128
319713,364791.045833318
139781,143380.601570456
470000,558736.562924682
90000,98890.8565042069
244000,274046.89876869
291500,320223.706272796
100000,133074.778752858
188500,187933.58310352
194000,203286.160510967
280000,252695.507491917
399900,479088.279030063
281900,301949.771185588
190000,238754.476699733
124900,126470.081206112
244215,264559.124460439
303187,318371.35745214
179900,206424.232851461
208000,279400.216400966
138000,149212.117014989
378257,287726.063825798
198500,183405.807698208
229900,255401.037923602
248500,334399.4835349
159900,188883.576506552
276500,354296.48540895
191000,206833.681603837
181500,165683.20439153
155400,162637.765931395
159500,193755.708378217
155000,159332.595448884
189900,239466.42154664
244900,223886.89585375
310000,217794.010035807
140000,135696.92032146
189900,213388.161591194
179000,195549.891861519
316000,337078.163063171
170000,202026.089174629
195000,236084.882166804
227500,240562.858417277
214000,242449.346172732
192500,247196.347640563
292500,198265.614934657
240000,202830.09222318
250000,213551.540507691
533000,464103.195115665
319900,260948.544782226
235000,254700.828750681
239900,240608.744716007
360000,278366.283386301
230000,186999.277044097
270000,240877.041349446
420000,255615.531594434
192589,217529.146609127
193386,217529.146609127
242900,257130.332896423
205000,181809.657859374
294900,285847.471362491
262000,215487.936596961
520000,481121.983082465
394000,335637.330784135
180000,180347.605840675
200000,222627.750660473
560000,660068.516449804
85000,205705.294647958
150000,164998.9624381
146000,143287.336710634
585000,521462.809079038
289000,258821.642992285
52500,107462.308825845
203500,205830.989535402
155000,164067.045092782
240000,228919.593767317
185000,212282.214156498
369900,365495.336655316
272000,282561.285523921
178900,187980.296409325
135000,124087.065692514
388000,339515.709161038
367900,301426.268790281
240000,223936.250082382
219900,243252.201616642
256000,240593.779063833
227900,160308.234858227
168000,220615.293488565
390000,325943.663091756
245500,206883.520946307
203000,256005.646120579
281000,239076.775452488
243500,284342.921811875
361470,285135.416305578
253000,227985.021289412
700000,578962.458950251
269900,254375.721676034
282937,271670.876107034
182500,203493.144465321
159900,191662.077977933
230000,203576.117459569
93900,117433.78454367
189900,272475.410895633
95000,101154.176552012
227000,211177.663733648
297500,349303.766734129
287500,323301.540050817
125000,126454.215596061
255000,261271.892752772
363330,249062.972361109
197000,222535.648759577
292000,373351.235875004
214400,225061.377607768
259900,325406.947421357
620000,547438.45576909
492000,494739.796550971
250000,261901.854809404
254000,230893.8968082
75000,119788.107204445
132000,140183.024854333
448950,444164.156497665
140000,137386.091958263
260000,252188.564764082
310500,277504.183354944
177900,148795.983276118
221000,225004.265729785
253000,189168.286139077
153500,177402.228128687
369000,390358.62187151
100000,199492.075455564
310885,314778.732673796
420000,427168.180853372
277000,291310.376645267
326000,331905.017009202
499675,528215.666573626
72000,81111.392469631
326500,329720.225237439
328000,289261.608476012
167500,162391.471333183
346000,337093.790432482
395000,340596.080015356
366744,365893.491111013
400000,500831.460778098
420000,314551.750590622
235000,187106.531200147
290500,285306.522125659
399007,353901.072455793
283000,334840.899449194
573043,447305.218118117
147500,160805.943101112
190000,153665.508613695
285000,211966.239805072
160000,156761.398422556
322000,231953.560425525
232500,254567.569401032
487500,474766.840383624
239000,184633.11632739
145000,121684.777662064
399900,439475.644264794
366558,467784.632678211
114000,113841.515381939
162225,194257.965063002
232911,257600.437646217
163000,190101.544606108
210500,243268.799931798
267000,255610.044330192
299200,343653.711494591
347481,355130.045732628
271855,239926.455628906
125000,133847.661311619
157500,199528.883258614
239900,200830.261332305
403634,345933.274478975
330000,258890.126005371
198000,414338.086352838
205000,228861.880963911
304320,283171.906694026
126000,145874.60349074
225100,264735.05886462
406000,360287.007975935
393398,356873.895466209
184000,212943.462633349
458000,519380.89504151
207900,186195.199877847
219077,206536.616847267
284000,288633.299190656
221900,263301.606425867
490153,305846.779153611
447182,530094.969188547
247400,371011.49459512
475000,480073.335050684
385000,375248.805608517
220000,202553.151252408
312500,372352.704236492
178900,206154.066542085
211000,247902.337051012
285000,231471.965015757
217140,221474.346573092
199900,222051.140590761
397000,421060.075482784
329900,349495.866235494
167500,164466.346037513
309900,337886.551748967
340000,315069.518061067
180000,207973.032242333
290000,335200.704537696
265900,313457.879308311
262500,313082.551671392
220992,223093.194336393
220777,229934.629969997
186000,211836.173999727
259000,307818.357099884
221335,222092.067624156
604300,595792.31804375
75000,84299.712544324
187600,193448.299916996
246000,223963.474952447
230000,261576.379130047
189900,198702.585169731
227923,221474.346573092
286401,286992.171481691
314700,313841.368939083
250000,288094.126328191
120000,124087.065692514
218405,217891.186187282
230000,278688.089474472
425000,541091.45584746
179500,185772.918488167
182650,178932.076054835
264900,259642.537397363
217900,222733.866347161
339000,380003.674570061
370000,492366.391602328
138000,146144.700595701
213000,222316.388339526
427000,453197.708823136
232000,259928.777195697
244000,266542.214802853
237000,325937.066191662
370000,356494.520033813
250000,303429.851501967
164000,171573.992865641
229000,300374.224017431
103000,109645.594895808
195000,177203.78266883
263500,307697.198844604
221400,273921.028944986
175000,207195.510190375
455000,445332.627577323
340000,337093.790432482
279000,274724.184225836
160625,167470.498745057
160000,179946.806580427
210000,214072.174307247
382500,343506.904423464
184000,203417.583091297
185000,251521.215684643
358000,412840.870120389
280000,275614.316660412
230000,255106.871035504
249900,261831.283922461
176000,187567.48426777
221000,226811.654418348
195000,191290.992664141
205000,359403.560413218
215000,205196.404657646
318500,336503.055934824
330000,346077.835521864
109000,138449.198887261
220000,160969.885981031
175000,188356.328789371
122000,152644.118895863
269900,291154.361611749
102000,170046.678929138
227935,271499.657353882
169000,192982.500516854
307250,322359.57314801
300000,348999.643572178
296000,338315.42023718
246000,264157.832914428
355000,423176.166793718
143500,161706.758800301
328000,333894.064221614
289000,351943.340745059
385000,443885.989800758
297500,288382.989876915
290000,379872.596219672
232700,265953.757178813
287900,270583.286376746
220250,251883.504666707
390000,398640.705764732
289710,280039.106984475
197000,197327.706982174
270000,312288.490738372
575000,552792.974113782
253000,275518.171605397
485000,495437.433167228
183000,225922.233894952
203850,219026.161917661
320000,281397.320566003
142500,162072.961775882
254513,241244.488699249
240000,276836.28194277
249900,315934.955729683
193000,202161.654142108
335651,341112.33800734
221600,306115.003145837
409763,370667.007636967
560000,674997.926695006
186000,208501.021031821
275000,305954.159408364
250000,271356.013951216
160400,161150.603976583
186750,272262.088368967
230000,239498.679672863
285925,263740.587210481
250000,245307.263417151
200000,219145.924165133
312500,311904.235896305
165000,173153.013520194
315000,326195.351316511
279000,308909.423165631
344000,374486.251409311
76000,81229.2123975342
149900,180308.46823157
390000,434572.712770874
253500,272814.044243562
342366,458756.735473573
295654,301699.527425467
246000,300249.302994206
212900,265417.548057507
245000,382800.604343803
180000,203343.860182872
209000,210364.136093275
450000,451790.695340008
179900,200231.835873354
181000,194428.999020749
226900,284269.556611103
105000,109432.766879105
240000,288372.613512258
127000,137896.505004391
220000,217634.545522266
263000,269691.914734424
350000,359413.963807592
468000,478022.297778328
244898,268484.433769539
165000,192383.779250472
210000,257906.079499613
199400,217958.570717179
249500,288458.808939357
187900,164410.631286499
580000,628981.139424559
148000,150892.631655611
238000,261792.114445901
260000,199286.759342884
182000,193087.049896043
84500,102900.797124703
279900,329056.80888905
443700,477330.89464441
228900,214554.517882527
212000,237143.646263016
449900,458125.327599415
299900,262026.754594935
237000,243714.888620083
267000,348181.214774814
304500,351018.075290794
166000,174164.589469929
220000,188084.292997638
119500,138449.198887261
189900,208789.344971928
305500,300130.558197585
189900,212402.751788427
180000,212219.807636853
204000,222883.040054932
167900,178953.285899814
210000,220195.287224178
264900,282554.103298939
342400,332914.862979707
450000,496843.831160549
136000,107946.564377527
273000,305264.571530078
460000,484409.230011577
367600,380638.243559795
110000,175696.78481054
249900,258405.719027385
134900,142154.483186726
282000,283586.520086967
242000,265613.608044639
211000,227282.878373551
370000,443025.881368304
204000,223650.036820268
217600,245198.75583076
337000,282657.259626882
192500,204741.269903621
135000,139032.377647827
203500,217835.068134315
295500,330465.287170057
239900,220649.431698759
102900,99926.6677188708
205000,195772.065729429
202000,224908.683499941
182000,212723.057642009
279000,241218.986533839
712775,651630.012820612
300000,275267.656453946
239300,267353.639636749
260000,322642.354519062
188000,213599.042687516
358913,422961.153358295
299000,297261.282743093
189900,217707.688885762
152500,148153.503278857
264900,256567.265916092
223500,300910.278675493
455000,462761.936882068
247000,230317.573223221
239900,266318.903987348
210000,234090.660227418
188900,222782.540260522
185000,193179.865673101
294000,325812.616396903
247000,246916.361252943
194000,203225.732814635
505000,436842.44346408
164000,196143.81562558
359001,344612.947828933
182886,201838.90277087
302000,339149.076989977
279950,284487.363015842
245000,273285.76772031
241763,231160.036183866
282500,266412.733114531
165000,174895.100795897
222000,212615.629319277
377000,389644.970083436
246500,200852.697828972
245900,258062.425299435
212000,300267.611186383
235000,262779.158659884
304572,273043.660468693
205000,194575.466677779
445000,426590.95217743
80000,268697.972608226
62500,74105.244673208
305000,340314.731176631
615000,699189.433921854
175900,178932.076054835
274900,307962.550442233
314750,364791.045833318
326369,353844.366796915
119900,151066.797679983
332000,350833.758021677
264778,291942.125755655
152500,157858.287117265
111000,138085.92682066
172500,137110.6183901
128000,179268.69192409
171000,177780.435274523
197960,210368.831550991
215000,235043.793639336
180000,189229.72169839
260000,171046.263219454
171000,210655.799436954
395000,350885.619387118
170000,126187.689427708
306500,309802.020109595
215500,250470.631583925
235300,236003.357855058
222000,234174.79703812
465000,424620.716240971
132500,140961.680932889
94810,155981.011418523
196000,197023.989947188
209300,196001.6933822
172500,182010.67119677
206000,199853.270977991
140000,156461.649834228
247627,275914.421411413
219000,195335.04364546
195000,211524.002884038
193000,204096.473331142
249760,247459.76393599
285000,260709.764063917
190000,169618.620517099
201000,212297.154922393
98000,119945.358610101
414000,320711.040078623
208900,203468.91678637
432000,530618.717067985
275000,269262.555800159
128900,139784.834224531
315000,339744.975950462
193000,228419.305963918
217900,227867.562912848
233500,214902.289781774
315000,290570.974267668
137000,224209.447870949
144000,154798.240935509
185000,210766.175833749
217500,221449.082099696
261812,246928.922457764
225400,236683.099305559
235000,214423.273579117
230000,257879.463827654
745000,723690.470856416
485000,318086.541619468
307000,317869.614636656
508000,578874.916265523
155000,171006.072643111
88500,86357.8673004241
249900,228854.972458001
225000,188041.22193685
43400,157773.751870793
193000,158374.090894915
169900,162789.519503448
201850,210698.574863405
156900,152557.011609394
168000,238861.562269335
195500,207023.549064514
256624,250428.857401944
207500,212874.196693676
163900,165570.558531902
164000,244488.783716369
199900,193486.153095576
185000,186157.3680985
303025,324481.987888423
58000,76023.3109013236
430000,331751.938460438
255000,180729.513775188
190000,138402.770522204
274000,297617.101332753
119900,137057.036842255
350000,244351.125827849
198900,186193.345745059
213500,211629.49593661
196500,216474.144930103
217500,186431.624693458
368900,340751.432847209
229900,195370.581721496
129900,164547.71953958
205574,161053.781773154
324811,358331.826637921
189000,192501.215609662
292000,284703.526901158
458362,437424.416662536
175000,175936.10043474
363000,360824.670303488
167500,167537.858902229
284900,287149.251761363
264900,318746.088372454
350000,343239.570857046
283000,297845.707586009
536000,546214.070988591
249000,271114.057833088
190000,299273.54076977
165950,209241.88079878
321921,333457.039392616
150000,182176.663839365
240000,259078.071773382
252000,210769.836207434
490000,508180.696777074
455000,424897.742160143
173000,167101.708931433
138000,149217.146540854
488150,461904.7735077
324900,310053.984107726
342900,317972.145388827
688246,535540.317268434
133500,174307.674422869
360000,393730.89628861
270000,310052.416970891
278000,243420.954164045
308000,303260.72016753
198000,205830.989535402
165000,184469.635034306
132000,156250.676558555
382000,319148.345922503
293000,312284.863867405
179000,175131.999460362
270000,276467.055856547
225000,225353.10849387
269900,269110.992751721
205000,224418.457734151
255000,269115.014740996
132000,118609.291754732
179500,173477.558608019
282000,295451.645527155
213000,222408.988727219
210000,213943.056478713
360000,404729.537922171
230000,219744.245224148
219000,212871.756008775
218550,225628.779517803
282500,267569.198256794
220000,235642.281732108
211000,204539.70005067
145000,110945.0599186
663000,503914.606755322
234000,232480.42025525
291103,265903.800677453
301428,332992.687489858
307160,290741.031529494
302038,256437.133803722
476887,545377.707226736
174900,183416.121562824
200000,242649.720452977
218000,210307.00078514
235000,240820.722451981
200000,210893.958837843
440000,533367.634101069
252466,293774.052488838
113900,113841.515381939
368000,391929.329968067
195000,260328.445699459
428052,447325.960783053
135000,181468.936366374
250000,251036.009737093
250000,233427.575064358
428411,365584.28225001
107000,88275.6982312336
144000,151186.737992271
388917,393455.242579229
164300,207058.584451223
273967,283788.706664763
120000,102058.859075311
296790,265673.199203928
140000,136191.6497719
383804,376581.3068848
560000,581668.171172126
610000,535074.642928029
125000,133024.031053321
155000,205595.244230599
199000,199665.896292993
297000,248748.517641111
324900,279457.870173179
264615,305459.498989101
348700,321923.887059513
326076,299820.651208655
348966,376469.382696553
322111,357842.862492162
280000,260989.929073406
208849,210018.98213999
389800,379866.011066263
327024,290370.180756011
314900,335081.768492701
247900,271903.015893665
351000,328239.204640034
226000,219782.620485216
360000,336892.298478123
231500,202933.913645777
114900,133024.031053321
209086,201764.081062286
214000,190305.003458965
374500,368631.866939507
162500,177471.905124378
625000,678545.158099161
264900,237229.873881283
189900,213020.791749554
422996,408726.938615334
98900,120368.831216075
117000,125795.595711223
320000,310551.36259304
198000,187966.916343698
399000,358718.920524071
152000,169859.409945778
172500,178971.438538165
205000,226453.604590691
251500,274633.916099259
1350000,650015.58147206
179900,187599.812877257
275900,252193.458164471
184900,188311.067138331
199900,228836.480046208
240400,232556.693907194
723940,558725.130985942
357500,363524.130688502
233334,257386.427108004
184900,184979.525458476
720000,585032.004738406
233333,257386.427108004
227000,195565.850196128
401315,373469.513931062
384900,395359.979263156
240500,198663.466541478
454900,383683.908358926
159900,155681.38585992
217000,204741.269903621
211000,204741.269903621
260500,267012.862659154
125500,134566.287825887
316928,292408.4069802
364025,363543.18491373
222000,224897.639814828
491000,300702.87705928
570000,442679.457545389
269405,289354.384758839
420000,377323.208424366
258000,280260.603457053
317500,244710.711004022
225125,218940.407042966
174600,170903.651666297
170000,145133.947748056
381324,345889.827780156
260000,201976.502270504
315000,339127.289552711
155500,180242.675280278
200000,194102.80189027
645000,545548.643259081
264196,234886.715172991
232000,222707.987539562
250000,212385.26137557
215000,220183.16080822
260181,348432.156232539
404410,429171.766068633
220000,209980.069512405
469405,380836.508622279
295000,241246.061826692
220000,223889.604850394
263000,253624.923434366
189900,201571.318776319
188000,208892.610102962
535000,503199.912149243
700000,609110.375079212
202000,204741.269903621
462751,371051.152270386
255000,247189.31637925
174000,131498.387225485
460000,422363.379733092
314900,298337.034448455
494000,458657.159334965
210000,200282.655569002
381000,339917.682291514
209900,208417.740171078
274568,250223.656032118
175000,174940.680858864
530000,541751.344336959
325000,279647.285591279
291697,303156.597653801
180500,164683.481920869
171053,165234.351570108
381660,386191.150700087
320000,262358.010409804
496492,441294.699423893
317000,312097.407007052
130000,169618.620517099
335127,281205.780604954
227000,213551.540507691
659900,564401.611186759
255000,247601.85722101
182500,155251.209950092
260000,257561.711932798
385000,348656.025776028
343164,275593.130012646
465000,459831.044665904
361000,333932.080356564
315000,260019.756894208
166000,188893.045401607
254890,283387.460056058
470000,409888.463894901
392753,436545.476968172
371755,354172.703442073
225000,191475.393708882
292500,282800.49618769
440000,378141.693248005
290000,325153.150806879
186000,193141.776020432
285000,285084.17681009
235585,243933.591514679
135000,128063.949384478
365000,323242.395299344
275000,234168.368566202
274087,262247.093998061
142000,143713.167507002
419900,388624.260937092
225000,200680.120546261
294000,235995.607414142
324215,301432.074712679
350000,312284.863867405
235000,209498.157890073
425000,323646.153171389
210000,229816.337281581
169900,222123.55349376
327000,276600.986058406
216000,196772.802087577
231000,218858.770540182
436600,441460.071633894
342000,316364.835539296
320000,265848.683027864
247000,229162.459009029
383000,302932.660011912
134900,124875.793954367
340000,359716.235725185
115000,141423.772668785
235000,225544.857758353
280702,243390.84500457
479500,419860.514593294
427565,481293.499618645
129500,180160.544007985
165000,121068.068795977
152000,152146.469169692
353500,329976.024654261
228500,194888.266283785
344800,286343.015211855
219000,121019.667207631
752000,633693.865982731
210000,205433.170406783
229000,194976.155014198
275000,295127.598797396
261000,245707.334175013
186000,245967.719130495
280500,234395.250415742
180000,226113.703305108
213000,222391.118148666
205000,121928.079946424
281376,299725.817790084
386437,300515.672533941
250000,233667.341971293
233000,214199.353575454
375014,300225.288916214
326500,289382.368776884
155000,152442.556028268
190000,161133.06123984
735000,633859.995446601
220500,191060.457903684
150000,142634.201757093
190500,181126.757238357
283655,282087.811552398
451421,356687.749332688
269900,245677.636507924
260000,245807.194687514
392000,391197.987880102
282500,277099.689367228
323794,274629.044109339
239500,199405.25456206
569000,497593.784220304
237000,180027.711838413
159250,182534.247149211
511000,373889.973679303
232000,215121.750421628
236000,194332.9690036
200000,191091.12643471
205000,209127.645640119
325208,278554.194383611
191500,167608.159658057
173500,169005.282668155
220000,208177.907934826
329500,299298.750034308
285000,281306.934662379
210000,207508.657635414
215000,183322.846079694
160000,117338.26846494
241500,219969.945358032
120000,133024.031053321
454900,397865.035132972
980000,570089.648598759
250500,236650.331953527
219900,190919.478985542
315000,292433.53804072
226000,158677.144054436
253500,227208.81735125
440000,248037.154074092
143000,125669.557173713
255000,275108.053925169
262750,252494.999010115
110000,132906.160189624
236900,213358.368997865
735000,598749.144522428
407523,328798.966528859
321000,306833.023441506
417877,380276.989442384
210000,200851.717979212
295500,272790.647571188
253000,291295.815969855
246000,204299.03254751
325000,323893.492407007
275000,227033.959280977
280145,277929.391867803
255000,220630.076093265
374000,381306.462006759
246000,247926.294585173
265000,272640.641680017
215000,210217.334773026
200000,157887.749311647
50000,230635.488527155
299234,332660.521041591
285000,262169.982148965
365000,315937.695442825
238500,205070.961196256
276000,277061.817360177
320000,304831.498631196
255000,245743.322123266
600000,454667.766336612
205000,188356.328789371
414100,341752.157528926
349000,309447.714034888
279900,263572.210810305
220000,213305.575474636
205000,200121.012517707
242500,236157.82761749
265750,247746.202194688
185000,206634.29833313
180000,172903.783882373
49900,103000.203496404
275000,213600.277870038
188000,171764.959208572
415000,296185.596987574
280000,242210.515883477
283900,402517.773868515
359900,333880.085997078
215000,202467.88354835
480000,389958.669253867
173000,181234.068975731
450000,515065.435065486
288000,232711.862303179
649000,569779.99878292
363000,290418.069963165
205000,227453.989385068
190500,170038.81312152
838000,664601.494985476
228000,208698.14463625
196000,157609.424081214
352000,263392.159010935
140000,163153.630544422
553000,520275.839839704
215000,174000.275476099
400000,336029.176842297
225000,204771.287640557
236500,203006.100758175
222000,206782.036147774
185000,162075.859414844
225000,229326.59972994
538321,655723.690526366
190500,200991.641241098
242000,228077.03133222
310000,331261.044954517
220000,177186.237005458
110000,113841.515381939
254900,220859.635968354
184900,293218.333345734
57500,92450.5468169853
415000,361457.445538172
444950,347608.043087061
156000,170399.302420476
307000,254061.397816837
320000,232110.751702261
250000,232531.594805958
206900,168111.015363302
296400,297996.673520839
483058,337467.787841777
325000,350922.562339614
232500,205096.99134871
250000,243014.318353259
294500,248569.597193063
227000,210816.137925243
212000,187134.443823507
238955,225004.265729785
273000,273901.995603713
355000,323143.637751734
345000,317532.880135298
250000,196826.989605572
395500,511760.703637585
287000,289881.569886528
650000,662383.776694001
139900,141318.23148837
199000,192512.728259684
92000,95927.6257000833
446000,495935.115570801
148500,163529.380895019
400000,414502.620364885
611379,431702.187685027
267000,258076.496537613
220000,194844.537403379
235000,284846.434080729
143000,112567.173750085
297000,265267.288171084
349000,414900.585876101
320000,260794.102433569
215000,184366.276845756
190500,190301.763840132
260000,211190.478283434
340000,269767.251299926
284858,259642.537397363
233000,219076.466705577
205000,190187.779736504
270000,235298.330087178
149000,176579.047357266
295000,356761.76358417
220000,183756.130309196
220000,225480.803194899
218000,231224.206211455
208500,177773.888722848
215000,217928.221400173
875000,627784.522231371
221900,215663.992202156
332900,367308.000546889
500000,365147.875729139
341000,353212.996859814
160000,161135.335978569
327500,619767.404622526
241500,203286.160510967
218900,206833.681603837
380000,219721.554674308
318813,324352.703281838
167000,194349.580101321
186000,228957.164996903
190000,191388.318492282
210000,203260.156317609
279900,280969.267031659
58000,81841.6311985225
155000,171758.780809292
144500,171288.184516623
220000,239552.271747486
537500,417495.311058738
185900,189861.625712676
245000,232688.857248386
191100,229392.141919262
198000,221182.272438059
255350,317546.57500545
350000,325316.32048449
215000,215765.874439391
259900,253066.330330026
237000,262185.663673242
173000,218467.020506396
167900,170727.320327963
267750,241160.18607447
140000,167762.977086184
214500,215656.900577455
208000,224119.400013144
79000,81207.2637969876
319825,348347.236526927
184000,180234.444298461
335000,136178.598744902
237000,255886.820325708
198000,199571.715672604
247848,253714.676525209
555000,486959.31474141
272000,242458.516503011
368639,358315.868821206
193500,192682.242473235
136500,181553.8733
590000,564356.339175143
359000,335709.032820862
210500,200533.901547045
190000,235337.94461962
215000,319608.54408363
195000,245976.460033021
278000,255734.115701081
175000,194917.345046382
201000,121688.045087877
192500,199190.08447818
410000,464373.876460972
319900,326614.381122711
136500,157924.357697488
350000,428475.914668672
189000,202925.54161379
160000,149836.090261422
239900,221244.958157506
214000,226910.542959412
253000,248732.580470651
422000,381098.904415069
220000,233374.881073168
277000,280662.759394284
208000,219796.916860145
130000,149523.607681898
331100,376484.854300133
186000,158901.679924582
168500,194515.715978562
470814,458091.179044602
55000,170885.574344191
257000,298685.878179051
300000,273335.874711204
144800,187903.238619122
247000,239830.265029351
257222,240054.317228626
233000,229444.531731231
475000,479090.33016284
160000,186093.559405443
295500,296692.014119161
266117,372020.322154604
150000,159153.965533938
212000,197527.566494655
395000,334842.93289691
180000,175732.728937374
401000,437214.737049115
389900,308116.712877592
157000,128724.085680397
113000,113841.515381939
162500,193160.139602674
307000,362560.498088422
195000,213617.447949727
106000,165464.542252237
175000,182989.692749284
233000,232220.936506986
388260,295979.129534165
299900,242963.174346676
224900,223625.804988424
245000,250494.731019003
243750,256757.999969497
210000,246309.406733087
255000,392184.904326253
379000,300058.402301943
850000,507090.943264552
229900,219305.878165145
275000,249451.712702349
228000,166237.636763135
384400,390689.00611012
337450,350286.398971612
191900,201877.571047606
192500,198909.957672855
242500,229767.29561379
710000,376503.038112979
171000,206545.501147091
192000,184366.276845756
260000,248912.696386086
275000,304352.489257459
172000,167177.391973843
316338,374705.077952438
279500,274417.819629908
223000,203121.09811363
285500,350191.980632296
300000,312595.34189154
226000,243209.966418771
273238,262062.06505215
362000,376512.878322167
178000,231852.02063134
198000,203768.487114902
230000,254250.893715842
551753,376581.3068848
219900,232737.303485002
335000,412445.044309796
322000,341758.735250706
228000,192112.094638559
212500,194753.766375707
196000,192361.39066052
420000,369402.693482936
202000,194177.642281922
68900,105565.349049216
339900,460400.608740688
241000,227074.552732965
655000,486516.67501593
350000,509455.623535123
267000,277567.543521363
220000,191732.387712104
249000,252240.703364465
170000,158439.158133755
320000,371524.881945581
361000,341326.978226279
251500,258669.543245724
175000,184687.513873111
298930,335891.536331526
219900,249651.165456459
267000,277671.16893006
429000,353565.290999918
238000,199027.589589113
260281,277222.902994687
315000,323308.058047882
250500,202861.183421766
296437,357896.739141589
227500,233957.533858387
173500,156132.422179291
186000,187297.342245539
289900,381125.287949766
293900,277509.68149952
667500,635751.506508309
434000,452880.713086385
220000,271926.490242602
215000,228282.84383799
280000,294521.026534219
169000,184749.877081745
205000,227675.197777695
224500,253303.351909711
154000,200755.45837741
175000,203832.819323706
244000,198366.641148384
285000,289436.37933655
182000,205759.512583641
67000,77053.5835374127
153000,130620.320032349
226500,212195.913945135
246900,281515.698744785
403000,474386.492578278
205000,240806.217421615
253000,251162.286136834
308400,312609.575563201
220000,231936.742378274
495000,358893.634346779
386000,400951.729357104
255000,246086.95474347
99000,110945.0599186
130000,144654.133460109
149900,158918.155213133
245000,217469.97250759
250000,274423.716872217
365000,399750.678003246
315000,346872.748779901
336500,339623.29007754
132000,171559.027866507
185000,198870.745914661
197500,213653.316468874
306000,339453.803940554
190000,211865.126753123
314000,376506.298155825
210000,219118.425816592
189000,181370.341673021
127500,134057.064671254
355000,422305.454705399
249999,287303.891961729
55150,188461.719013103
459000,405710.314727189
266500,210978.322447796
262500,297440.415546462
160000,173828.061477463
323846,359331.306163876
129900,186002.008440813
335000,255717.372754901
108000,106954.910780596
226827,244793.931450755
340000,310588.271782624
179900,210606.452123171
71500,194217.43780811
169000,176044.978619171
454900,456308.606005767
240400,230254.898000988
343000,329332.942452027
236000,220545.862144666
240000,241332.149132091
205000,204923.682222733
165000,181907.654881669
305000,296249.816139178
270000,291555.644585599
269900,234722.599986022
277421,292468.423915122
306835,212130.036408574
150000,164477.159661726
710000,425215.81512708
144900,157332.29595932
249900,242043.084524019
523000,484427.764217334
443750,430936.999063772
195000,125887.971079825
192575,211190.654712003
190000,209153.491730709
350000,326917.579900054
295000,267728.778994964
143500,152053.822637275
225000,168613.520217471
545000,343906.44643401
151900,102235.774697314
405000,391256.00169107
365000,286659.916821249
235000,248171.720388335
215000,202941.246237279
670000,684455.875811511
248000,198539.78954788
485000,353868.365524662
489000,411357.050904197
222500,196745.163534094
232000,177258.308662825
295000,279698.042103298
225500,212354.992834205
249900,249769.194333345
234500,215231.69445619
490000,220545.970226065
265000,236374.272837615
475000,390368.143093805
161000,169914.038402607
222000,253104.146194062
185500,161006.847780132
230000,213239.505643611
331487,268331.541226419
570000,550004.28844738
129500,155998.316120563
297000,253996.027999988
255000,198041.211974972
364000,333444.212994828
230000,193132.146095183
159000,158820.49224296
225000,232736.729310809
235000,152770.841696083
295000,253425.832370009
382000,273858.711445478
200000,194268.042204072
330500,291550.475130707
279900,254316.429691124
380000,257803.009595291
398880,387647.145235979
229000,226187.686922806
125000,113249.426896285
195000,187229.651124731
215000,212361.09734189
290000,226894.627223674
165000,197711.031364053
187500,178826.197447644
228000,209364.487848814
295000,293211.428740381
261500,236324.837296809
170000,160558.92547258
386000,344276.433676164
360000,350930.099846689
285100,277480.65299628
127000,161781.564592463
517000,418776.244347664
222000,180619.170049045
243000,221244.958157506
472759,413151.209149418
196000,120578.084734719
213000,191189.85704913
215000,211176.678675977
293000,258431.987661851
200000,148320.258026113
225000,221182.272438059
224900,193405.304664471
233000,210997.490993883
220500,185479.020186968
263000,236157.82761749
425000,449296.738313216
340000,279415.048945874
115000,138458.622332943
146000,158663.678853025
188000,164081.136473814
199900,204938.122487161
195000,159611.168356643
283000,267641.759567999
239900,218393.826777839
235000,205330.58414857
285000,284008.769791634
799357,561629.436362926
350000,237480.670495941
264000,249191.74023389
265000,265643.602513693
114000,147310.834203086
209900,201674.75428014
346500,295426.704851765
340000,281658.80608588
206500,211336.663142335
275000,243761.910261125
230500,207435.23804141
310000,289306.267477792
208500,224177.573797529
136500,196471.55272645
286592,240954.179394624
215000,146888.655889769
410900,344022.054751777
365000,372993.06253405
244500,234190.279183892
185000,172457.830553171
205000,166882.090277045
295000,267759.360367523
357964,386899.269171908
265000,246540.307299681
215000,221389.830600087
233000,259861.193162511
140000,177080.84544307
211500,181032.936562416
320000,323031.262383093
222000,217707.688885762
301500,280737.626142597
270000,242820.282406045
710708,538755.38421005
218000,200698.779421209
429700,380638.243559795
566125,508715.842499848
256000,276572.171877594
336000,270553.598705595
750000,489516.395097592
233000,231884.324812286
187000,198989.263902162
293000,271790.160830205
355900,348445.977411505
180000,128608.090714378
257000,218257.714754884
285000,302062.735947845
234500,221884.818438238
199900,170474.735026334
205000,193828.984180485
238000,233616.636270605
133000,167740.685932172
1201424,570227.634324073
430000,357807.972934734
232000,209474.072211799
285000,245727.462456017
231000,218942.962648583
433000,501151.523337677
605609,518405.27520017
450000,421250.029636049
312768,278375.594516209
135000,154852.199886286
197500,173963.33503323
703298,594034.942218887
429000,352803.562110008
160000,240938.429540219
355000,293241.412050647
282500,269097.364540504
352443,283162.190195359
395000,378727.270165113
190000,185731.294991748
285000,270259.42320706
249950,245210.29008212
245000,219156.363067272
262495,247870.103511984
265000,286450.898435111
226100,217842.937924756
272900,264983.705999108
207500,166858.807908643
223000,195869.134674203
369900,348950.105931009
251900,227071.257674752
234900,232137.439991324
150000,154277.65917227
825000,619571.556271987
775000,647982.383811019
244000,207749.636219874
389960,342761.994140219
215000,200174.080313791
155000,180787.414024147
491106,347971.970765258
310500,290096.126827435
272000,281622.564531458
111200,112390.238856993
339900,345772.145314807
700000,672346.31361577
371000,320215.367050794
235000,212354.992834205
179900,212952.975404586
218500,196755.278489599
315000,294024.174093791
132500,194168.370678152
205000,188809.960471527
202400,167515.872318877
444989,473972.279421783
215000,189472.747365728
110000,115565.908215001
145000,154597.642748929
292000,272128.135983485
249900,247017.054903554
127150,112567.173750085
356362,311451.264676389
205000,200019.105097745
269000,269374.301972064
340000,351263.927565361
287634,292495.15920057
225500,203877.389842854
1550000,648364.282897867
343000,359421.347553855
293000,243037.353436036
220000,195131.663104346
350000,241866.498042785
339900,337510.346165771
171000,187600.18382262
246000,180623.703506996
199500,144145.685503855
247000,190831.790512287
359900,381793.73867068
385000,336409.251393467
550000,469525.21193403
385000,365513.855229515
713974,688836.540359559
199900,156582.574230852
208000,233478.013227946
350000,319668.389373091
225000,200780.121489299
320900,395474.417274676
215000,201964.155220443
134000,137052.897206177
234900,281831.05796236
322600,267338.259572769
220000,187980.296409325
550000,518066.602132997
430000,500467.018486345
229000,192315.30148115
87000,81841.6311985225
1375000,766922.681833438
515080,464898.851390018
309000,325368.26094886
235000,199190.08447818
245500,278627.423732289
228000,202950.455137749
269900,258901.467286455
165000,199569.449787442
435000,354269.541366959
235000,197025.090227677
356022,274347.103894056
269000,216005.474839639
242000,278065.78726963
282000,250771.454333158
265900,253126.078304008
185250,158190.086604848
325000,300730.904538329
260000,223585.458491068
156000,153717.597198553
237900,241211.924278979
219900,210120.667842941
195000,178826.197447644
246500,213904.095919338
263000,232957.008207911
515500,434261.467165555
499900,450669.002577849
317375,279340.109098025
220000,207618.61850529
329900,311794.106957237
265500,213911.893466752
215000,155547.540767033
313000,316008.58893818
251000,246889.720716714
315000,268787.467875332
289900,241568.984356406
145000,147893.755354255
211000,188046.281721908
135000,206810.320108734
607274,570886.396114958
387092,308134.065651805
167500,150535.476812284
277000,249157.164458446
287383,243606.764045226
285000,166323.101989587
399918,359588.145856925
300000,281659.974918783
173500,210271.542610185
206809,290189.534754628
168000,169410.881870815
175000,183080.045979265
149250,137839.956624235
413611,358885.367511328
310000,292818.955892947
345000,295728.601557742
128500,181120.872685955
235000,225548.185882584
315000,237770.258018729
427000,357249.492051008
330000,302732.544479565
150000,253597.382726853
230000,184366.276845756
112000,107147.45843424
441000,477126.127800652
531798,398366.901319485
340000,302869.252600569
246000,230448.731349247
234000,176980.07370437
249900,227961.371896613
185000,187229.651124731
524900,504037.94634154
435000,373370.420683824
312000,271444.28442104
226000,184366.276845756
299900,249388.261842472
405000,293873.852883055
616469,363866.975011111
302000,222859.799975518
279900,131957.164576349
415000,315923.385085889
617573,571398.374346068
310000,253896.270388043
150000,127086.090778587
222000,173210.938661609
305000,257827.073489183
227500,176739.232053518
312000,253331.754309758
245000,179831.182550011
252500,246008.131922861
215000,188020.911055119
257000,189843.472795353
131500,107889.834438153
476000,434158.396865205
259900,183165.576382603
190000,181292.900402627
600000,513570.248690597
205000,189741.348107828
195000,207582.033081475
256000,203464.429070161
227000,181469.650819645
267000,216189.067081132
240000,190225.310274821
380000,301081.854266192
355000,259977.386509761
412680,445842.926613769
340000,288170.911267874
279900,248035.749844523
339000,249798.876874502
246500,235066.952373341
242000,208345.646813773
1039000,579753.113675339
259400,226264.906450561
243500,198661.442224315
799900,462149.845221241
230000,183105.549681116
250000,238167.363639241
640000,568950.779049098
228000,210020.356807613
455000,388022.434187766
257400,209000.907627072
434000,324038.99864836
138500,145850.545032873
320000,281951.360960086
715000,719953.47770564
239000,225004.265729785
388000,443701.940526417
539000,351516.581172303
240000,187933.58310352
235000,185345.400155914
352000,282146.471860536
169900,141268.673345241
244900,197517.941161073
299000,239993.368375028
435900,398743.098747996
180000,127632.720099704
432000,378958.763156146
531200,273216.259717009
475000,338095.214745383
395000,333121.493787152
330000,265405.46535023
315000,277453.133486823
485000,354582.49051715
362000,299329.225821804
327000,265632.069753926
239000,204553.477340817
278000,190797.358330344
149900,190429.36559019
450000,404995.792787181
485000,309477.420464208
80000,176271.328208502
375000,362443.912317102
329900,245158.445693766
437000,385679.550493817
530000,544748.989418871
157000,170613.476733425
292500,244225.922509435
235000,221421.344801705
253000,201876.998030227
311000,256922.283049081
570000,497826.238923623
200000,238189.834886174
191000,163417.860414083
160000,205429.781881015
220000,210539.229839727
339900,257118.759830017
232000,184366.276845756
230000,200280.177263262
175000,150826.49026856
359000,285235.300485595
168000,143168.230038308
113000,115565.908215001
325000,235640.966131676
230000,185794.495904238
235000,207594.750348455
175000,161382.125324477
220000,202972.501386057
390000,311268.670591631
155000,116539.160508227
198900,128608.090714378
248000,237606.911483032
240000,208040.334796043
225000,243781.452573685
230000,217149.604855527
275000,257729.002919141
143698,125316.536252247
235000,188454.868894031
243900,204495.803812325
167800,135257.472279506
401702,343424.882213794
202500,227629.766351732
295000,236234.710660527
110000,134677.926281192
365000,325916.935034711
270000,176700.370755814
420000,374079.727409049
312000,258897.682698024
325000,302102.728476492
805000,568138.606612493
390000,289962.74308473
192500,160950.991182335
445000,340827.030543128
156250,146975.347294784
246000,245713.239901106
704193,633565.276445394
262000,236805.26883429
395000,333084.994199771
235000,190556.246600367
314000,303376.264420193
225000,190567.156431371
215000,213030.060510292
205000,179267.380791899
313000,228711.74769163
375000,292537.565537832
242000,184366.276845756
263000,231773.375870448
332000,255153.830550291
223000,149009.804699811
347316,312171.823742155
221900,212588.522621921
305000,235360.356921018
230000,235201.31515442
183000,174945.438005242
196000,187186.535131746
1002972,710316.231124323
215000,155112.292457403
271500,254789.804218584
105000,117369.721766881
313808,294074.37658664
235900,204495.798802174
227000,206634.326060266
62000,166273.929367445
494500,319925.869964894
312900,226849.615900329
276000,232769.495598915
315000,282542.01777173
335000,283138.031282004
695000,566214.124872769
264900,198772.046823129
256000,248137.01741402
392000,334554.350599271
212000,196694.59567623
450000,390409.725516446
289000,217613.3583887
359900,284315.744265494
126000,128041.128289162
135000,106009.978672684
252500,192691.66698623
247000,206833.681603837
233500,238110.825412429
157500,141712.533262957
260000,193195.084362521
350000,261651.577098286
384900,327300.455706037
235000,205658.012897022
515000,473103.732815956
318000,276467.055856547
277000,233965.583501065
156900,142900.09131134
365000,315901.63633423
447500,387440.699946987
420000,286679.097154234
221750,236681.105178033
235000,187933.58310352
225000,187303.951177752
134000,133843.876402518
236500,192364.013438368
362500,338493.048571257
256000,225784.92285702
195000,171518.055312554
499000,366899.263513017
239900,201551.579470407
152000,143099.256660992
155000,148455.625493708
295000,257833.861124154
269000,158394.554983916
259000,221259.811897032
254900,204782.704590059
315000,284832.664597531
310000,306004.937899831
73000,88637.2229930505
283000,263027.276170813
190000,193389.892809075
319768,256691.265965385
202000,193556.431616993
255000,194505.260803472
219900,174391.379987615
105000,186821.143332475
240000,174550.843479179
236000,219410.022713722
254400,223895.625456434
429500,521532.168284556
205000,167949.014299091
275000,201623.858784294
318631,292038.73024097
235000,205507.399875374
247000,195372.302581574
225000,199003.047864701
135000,181907.642420865
395000,278626.561171581
220000,227757.840647919
178500,161786.470878046
209900,153001.28726374
229900,163548.673582688
242500,197343.82869324
210000,144541.656008762
460000,398990.70989136
199500,217564.598334522
475000,341026.653246798
520000,350109.527292696
850000,598749.144522428
295000,226260.760905519
375000,327849.142533212
305000,273630.35552469
124900,136349.31278206
280000,269188.972139817
240000,218790.105520502
170000,197574.91612299
280000,225260.181270511
305000,272469.363498533
172500,191060.457903684
325000,277302.196426761
242900,198911.04355019
165000,132426.742346833
474794,410690.690836866
677562,466928.078231684
646826,505724.983774307
